category,month_ahead,moving_average,holt_winters,lstm,ensemble,best_model,best_pred
entertainment,1,593.6666666666666,2115.1541284278173,593.6666666666666,1050.1129051950118,lstm,593.6666666666666
groceries,1,1714.95,1591.995269796539,1714.95,1678.0635809389616,lstm,1714.95
others,1,15196.720533333335,14810.474826238442,15196.720533333335,15080.846821204868,lstm,15196.720533333335
transportation,1,1026.2666666666667,4045.0079842782493,1026.2666666666667,1931.8890619501415,lstm,1026.2666666666667
utilities,1,40.0,1.4081151955109905,40.0,28.422434558653297,lstm,40.0
