{
  "window": 3,
  "mean": 15196.720533333335,
  "last_values": [
    42795.16160000001,
    2712.0,
    83.0
  ]
}